"","time","lat","lon","elevation","accuracy","bearing","speed","satellites","provider","coords"
"1","2016-07-28T10:17:17Z",51.807476,5.832761,"105.357.054","3.000.000","82.077.187",2.478207,0,"gps","51.807476:5.832761"
"2","2016-07-28T10:19:46Z",51.807415,5.832766,"80.579.616","6.000.000","111.348.122",0.771815,0,"gps","51.807415:5.832766"
"3","2016-07-28T10:33:53Z",51.807922,5.832979,"99.956.006","32.000.000","0",0.09374,4,"gps","51.807922:5.832979"
"4","2016-07-28T11:06:39Z",51.807765,5.833076,"83.132.862","12.000.000","0",0,7,"gps","51.807765:5.833076"
"5","2016-07-28T11:06:49Z",51.807595,5.833179,"79.863.469","24.000.000","119.781.586",0.925954,7,"gps","51.807595:5.833179"
"6","2016-07-28T11:07:09Z",51.807645,5.832906,"51.693.284","6.000.000","0",0,5,"gps","51.807645:5.832906"
"7","2016-07-28T11:07:20Z",51.807629,5.833204,"49.123.517","24.000.000","242.787.476",0.805337,12,"gps","51.807629:5.833204"
"8","2016-07-28T11:07:31Z",51.807428,5.832889,"52.748.094","24.000.000","86.686.813",0.318644,6,"gps","51.807428:5.832889"
"9","2016-07-28T11:07:42Z",51.807335,5.833496,"54.585.867","16.000.000","345.361.389",0.824293,6,"gps","51.807335:5.833496"
"10","2016-07-28T11:07:53Z",51.807373,5.833345,"46.457.981","24.000.000","0",0,6,"gps","51.807373:5.833345"
"11","2016-07-28T11:08:15Z",51.807743,5.833081,"55.644.137","12.000.000","0",0,4,"gps","51.807743:5.833081"
"12","2016-07-28T11:08:36Z",51.807568,5.833017,"82.094.118","16.000.000","0",0,5,"gps","51.807568:5.833017"
"13","2016-07-28T11:12:53Z",51.807576,5.833,"50.025.905","3.000.000","191.060.257",0.655961,0,"gps","51.807576:5.833"
"14","2016-07-28T11:13:26Z",51.807366,5.833184,"34.554.325","24.000.000","0",0,5,"gps","51.807366:5.833184"
"15","2016-07-28T11:16:09Z",51.807448,5.832694,"39.792.909","8.000.000","0",0,3,"gps","51.807448:5.832694"
"16","2016-07-28T11:17:05Z",51.80754,5.833509,"75.561.736","12.000.000","0",0,6,"gps","51.80754:5.833509"
"17","2016-07-28T11:17:16Z",51.80753,5.833195,"64.254.368","12.000.000","0",0,7,"gps","51.80753:5.833195"
"18","2016-07-28T11:17:26Z",51.80748,5.83324,"52.086.635","6.000.000","0",1.264556,7,"gps","51.80748:5.83324"
"19","2016-07-28T11:17:44Z",51.807457,5.833266,"50.987.458","8.000.000","323.006.470",1.208723,7,"gps","51.807457:5.833266"
"20","2016-07-28T11:18:14Z",51.807568,5.833169,"94.670.168","8.000.000","89.228.775",1.093751,0,"gps","51.807568:5.833169"
"21","2016-07-28T11:18:42Z",51.807705,5.833131,"69.571.633","16.000.000","226.507.278",0.208961,0,"gps","51.807705:5.833131"
"22","2016-07-28T11:18:53Z",51.807814,5.83326,"84.180.440","32.000.000","37.169.960",1.448315,8,"gps","51.807814:5.83326"
"23","2016-07-28T11:19:04Z",51.807887,5.833331,"69.312.887","6.000.000","0",0.813154,9,"gps","51.807887:5.833331"
"24","2016-07-28T11:19:18Z",51.807991,5.833539,"65.552.296","6.000.000","46.766.739",0.778695,12,"gps","51.807991:5.833539"
"25","2016-07-28T11:19:32Z",51.808045,5.833778,"57.821.012","16.000.000","120.426.331",1.317895,12,"gps","51.808045:5.833778"
"26","2016-07-28T11:19:43Z",51.808008,5.833509,"58.112.334","24.000.000","176.328.705",0.05736,12,"gps","51.808008:5.833509"
"27","2016-07-28T11:19:54Z",51.808026,5.833826,"53.031.053","12.000.000","46.746.883",0.541189,6,"gps","51.808026:5.833826"
"28","2016-07-28T11:20:05Z",51.808244,5.833978,"63.156.872","32.000.000","58.265.831",1.326611,12,"gps","51.808244:5.833978"
"29","2016-07-28T11:20:26Z",51.808537,5.834098,"57.106.321","24.000.000","452.902",1.513756,12,"gps","51.808537:5.834098"
"30","2016-07-28T11:20:37Z",51.80857,5.83412,"75.099.423","8.000.000","316.205.048",1.500239,7,"gps","51.80857:5.83412"
"31","2016-07-28T11:20:48Z",51.808687,5.833963,"64.744.225","12.000.000","326.774.719",1.350713,12,"gps","51.808687:5.833963"
"32","2016-07-28T11:21:05Z",51.808828,5.83369,"59.290.335","8.000.000","326.391.418",1.428378,10,"gps","51.808828:5.83369"
"33","2016-07-28T11:21:21Z",51.808988,5.833474,"55.447.348","6.000.000","337.713.715",1.517741,12,"gps","51.808988:5.833474"
"34","2016-07-28T11:21:39Z",51.809182,5.833229,"55.302.428","6.000.000","322.815.399",1.419111,12,"gps","51.809182:5.833229"
"35","2016-07-28T11:21:50Z",51.809284,5.833056,"55.243.814","6.000.000","323.387.909",1.490403,12,"gps","51.809284:5.833056"
"36","2016-07-28T11:22:01Z",51.809389,5.8329,"54.994.594","6.000.000","327.103.027",1.739997,12,"gps","51.809389:5.8329"
"37","2016-07-28T11:22:12Z",51.809505,5.832734,"55.064.394","6.000.000","312.863.678",1.621278,12,"gps","51.809505:5.832734"
"38","2016-07-28T11:22:23Z",51.809623,5.832574,"54.989.450","8.000.000","342.013.123",1.535731,12,"gps","51.809623:5.832574"
"39","2016-07-28T11:22:34Z",51.809742,5.832383,"55.518.972","6.000.000","318.255.859",1.463885,12,"gps","51.809742:5.832383"
"40","2016-07-28T11:22:45Z",51.80984,5.832235,"56.104.879","4.000.000","320.486.725",1.416155,12,"gps","51.80984:5.832235"
"41","2016-07-28T11:22:57Z",51.809975,5.832072,"56.065.434","6.000.000","319.101.166",1.396566,12,"gps","51.809975:5.832072"
"42","2016-07-28T11:23:15Z",51.810138,5.831837,"54.653.392","12.000.000","341.217.316",1.41707,12,"gps","51.810138:5.831837"
"43","2016-07-28T11:23:32Z",51.810335,5.831585,"54.858.898","8.000.000","317.217.468",1.362402,12,"gps","51.810335:5.831585"
"44","2016-07-28T11:23:50Z",51.810537,5.83139,"55.663.132","8.000.000","357.137.054",1.279059,12,"gps","51.810537:5.83139"
"45","2016-07-28T11:24:07Z",51.810737,5.831245,"53.694.711","8.000.000","293.707.886",1.3747,12,"gps","51.810737:5.831245"
"46","2016-07-28T11:24:18Z",51.810834,5.831043,"52.601.850","8.000.000","309.538.208",1.234221,12,"gps","51.810834:5.831043"
"47","2016-07-28T11:24:36Z",51.81114,5.831153,"57.255.836","12.000.000","62.513.165",1.482397,8,"gps","51.81114:5.831153"
"48","2016-07-28T11:24:49Z",51.811269,5.831406,"73.584.055","12.000.000","42.424.236",1.446132,0,"gps","51.811269:5.831406"
"49","2016-07-28T11:25:00Z",51.811283,5.831488,"64.333.498","8.000.000","39.950.905",0,12,"gps","51.811283:5.831488"
"50","2016-07-28T11:25:16Z",51.811383,5.831623,"56.024.833","8.000.000","38.062.569",1.214105,12,"gps","51.811383:5.831623"
"51","2016-07-28T11:25:27Z",51.811826,5.831646,"49.319.812","32.000.000","28.959.152",1.657317,12,"gps","51.811826:5.831646"
"52","2016-07-28T11:25:45Z",51.811691,5.832058,"39.981.573","24.000.000","328.950.134",0.791453,12,"gps","51.811691:5.832058"
"53","2016-07-28T11:25:56Z",51.811679,5.831843,"56.175.844","32.000.000","80.772.316",0.262444,6,"gps","51.811679:5.831843"
"54","2016-07-28T11:26:07Z",51.811611,5.831842,"55.112.638","6.000.000","7.339.410",0.016126,10,"gps","51.811611:5.831842"
"55","2016-07-28T11:26:18Z",51.81145,5.831843,"51.021.017","24.000.000","262.065.155",0.085442,10,"gps","51.81145:5.831843"
"56","2016-07-28T11:26:29Z",51.811408,5.831814,"57.679.938","32.000.000","156.792.282",0.008212,8,"gps","51.811408:5.831814"
"57","2016-07-28T11:27:15Z",51.81157,5.831972,"101.796.284","12.000.000","143.348.862",0.467348,0,"gps","51.81157:5.831972"
"58","2016-07-28T11:27:41Z",51.811753,5.832137,"97.352.896","24.000.000","199.600.906",1.178648,0,"gps","51.811753:5.832137"
"59","2016-07-28T11:28:24Z",51.811486,5.831829,"43.457.755","16.000.000","138.951.706",0.814687,0,"gps","51.811486:5.831829"
"60","2016-07-28T11:28:50Z",51.811658,5.831911,"74.180.125","8.000.000","200.068.695",0.943983,0,"gps","51.811658:5.831911"
"61","2016-07-28T11:29:51Z",51.811522,5.831855,"55.206.499","12.000.000","0",0,8,"gps","51.811522:5.831855"
"62","2016-07-28T11:30:28Z",51.811612,5.831783,"75.617.142","8.000.000","253.320.572",1.42126,5,"gps","51.811612:5.831783"
"63","2016-07-28T11:30:54Z",51.811438,5.831646,"62.301.915","24.000.000","323.507.263",0.34365,0,"gps","51.811438:5.831646"
"64","2016-07-28T11:34:45Z",51.811505,5.831776,"35.184.971","6.000.000","250.327.637",0.638233,0,"gps","51.811505:5.831776"
"65","2016-07-28T11:34:55Z",51.81151,5.831753,"66.378.010","6.000.000","0",0,12,"gps","51.81151:5.831753"
"66","2016-07-28T11:35:21Z",51.812348,5.833456,"58.989.957","32.000.000","55.187.294",11.055006,0,"gps","51.812348:5.833456"
"67","2016-07-28T11:36:13Z",51.816041,5.839851,"57.854.442","12.000.000","43.939.198",4.10146,6,"gps","51.816041:5.839851"
"68","2016-07-28T11:36:32Z",51.816592,5.840746,"65.557.143","16.000.000","44.757.370",7.066278,10,"gps","51.816592:5.840746"
"69","2016-07-28T11:36:46Z",51.817033,5.841404,"68.647.072","12.000.000","45.130.657",0,8,"gps","51.817033:5.841404"
"70","2016-07-28T11:37:21Z",51.817722,5.842473,"84.587.309","24.000.000","44.695.660",4.549268,8,"gps","51.817722:5.842473"
"71","2016-07-28T11:37:39Z",51.818807,5.843868,"65.189.173","8.000.000","41.467.239",9.912286,8,"gps","51.818807:5.843868"
"72","2016-07-28T11:37:50Z",51.81964,5.845054,"66.803.713","12.000.000","40.349.689",10.407238,12,"gps","51.81964:5.845054"
"73","2016-07-28T11:38:05Z",51.820004,5.845661,"69.493.339","6.000.000","44.461.544",0,13,"gps","51.820004:5.845661"
"74","2016-07-28T11:38:39Z",51.819978,5.845789,"76.646.473","24.000.000","0",0,9,"gps","51.819978:5.845789"
"75","2016-07-28T11:39:18Z",51.819613,5.849817,"59.304.756","16.000.000","105.042.343",1.793063,3,"gps","51.819613:5.849817"
"76","2016-07-28T11:39:43Z",51.819611,5.850092,"93.111.050","24.000.000","0",0.589869,0,"gps","51.819611:5.850092"
"77","2016-07-28T11:40:02Z",51.819419,5.852226,"59.854.899","8.000.000","96.238.983",11.452042,10,"gps","51.819419:5.852226"
"78","2016-07-28T11:40:18Z",51.818771,5.854404,"15.858.113","32.000.000","0",1.313236,0,"gps","51.818771:5.854404"
"79","2016-07-28T11:40:32Z",51.818915,5.854824,"45.753.622","24.000.000","103.767.868",0,9,"gps","51.818915:5.854824"
"80","2016-07-28T11:40:46Z",51.819104,5.855296,"43.119.574","16.000.000","98.358.635",5.267047,10,"gps","51.819104:5.855296"
"81","2016-07-28T11:40:57Z",51.819671,5.855981,"49.211.877","16.000.000","11.998.997",8.981562,10,"gps","51.819671:5.855981"
"82","2016-07-28T11:41:12Z",51.820974,5.856274,"63.951.173","16.000.000","22.010.801",5.427859,12,"gps","51.820974:5.856274"
"83","2016-07-28T11:41:23Z",51.82085,5.857465,"76.122.850","8.000.000","98.776.970",9.201999,10,"gps","51.82085:5.857465"
"84","2016-07-28T11:41:39Z",51.820617,5.860376,"63.995.167","12.000.000","97.925.209",14.605648,8,"gps","51.820617:5.860376"
"85","2016-07-28T11:41:56Z",51.820323,5.863735,"63.936.860","16.000.000","100.750.504",12.509685,9,"gps","51.820323:5.863735"
"86","2016-07-28T11:42:07Z",51.820153,5.865464,"60.163.112","16.000.000","97.754.585",10.574689,9,"gps","51.820153:5.865464"
"87","2016-07-28T11:42:18Z",51.820018,5.866543,"57.299.587","8.000.000","139.625.427",4.599447,12,"gps","51.820018:5.866543"
"88","2016-07-28T11:42:45Z",51.821935,5.867006,"164.672.043","24.000.000","8.199.828",10.442137,0,"gps","51.821935:5.867006"
"89","2016-07-28T11:42:55Z",51.822678,5.867234,"78.817.117","8.000.000","9.472.114",8.981614,11,"gps","51.822678:5.867234"
"90","2016-07-28T11:43:21Z",51.823121,5.867305,"38.372.925","6.000.000","0",1.817077,0,"gps","51.823121:5.867305"
"91","2016-07-28T11:43:44Z",51.825301,5.867574,"130.090.925","24.000.000","12.728.148",7.341393,0,"gps","51.825301:5.867574"
"92","2016-07-28T11:43:55Z",51.826055,5.868531,"85.116.013","12.000.000","26.829.561",9.439786,12,"gps","51.826055:5.868531"
"93","2016-07-28T11:44:05Z",51.826492,5.869022,"80.053.263","12.000.000","32.128.082",0,13,"gps","51.826492:5.869022"
"94","2016-07-28T11:44:16Z",51.82648,5.869033,"73.399.879","24.000.000","32.128.082",0,10,"gps","51.82648:5.869033"
"95","2016-07-28T11:44:27Z",51.826665,5.868959,"80.543.141","6.000.000","319.228.088",5.883156,11,"gps","51.826665:5.868959"
"96","2016-07-28T11:44:37Z",51.826935,5.868572,"81.883.048","16.000.000","320.642.822",0.017668,10,"gps","51.826935:5.868572"
"97","2016-07-28T11:45:16Z",51.829054,5.864522,"87.855.031","12.000.000","315.748.352",12.974738,0,"gps","51.829054:5.864522"
"98","2016-07-28T11:45:34Z",51.831184,5.861241,"79.473.218","16.000.000","316.231.415",16.317558,7,"gps","51.831184:5.861241"
"99","2016-07-28T11:45:45Z",51.832304,5.859563,"60.608.781","12.000.000","314.356.812",14.799277,8,"gps","51.832304:5.859563"
"100","2016-07-28T11:45:56Z",51.833222,5.858141,"68.936.197","24.000.000","317.727.295",12.151546,7,"gps","51.833222:5.858141"
"101","2016-07-28T11:46:30Z",51.835634,5.854389,"99.181.204","32.000.000","316.840.485",14.830092,8,"gps","51.835634:5.854389"
"102","2016-07-28T11:46:41Z",51.836639,5.85269,"74.788.360","32.000.000","323.732.819",13.084769,8,"gps","51.836639:5.85269"
"103","2016-07-28T11:46:52Z",51.837738,5.851864,"80.356.411","16.000.000","337.037.964",12.699968,11,"gps","51.837738:5.851864"
"104","2016-07-28T11:47:08Z",51.839363,5.85185,"82.310.788","24.000.000","23.504.023",10.50703,10,"gps","51.839363:5.85185"
"105","2016-07-28T11:47:19Z",51.840205,5.852443,"68.312.249","12.000.000","18.612.844",9.350329,9,"gps","51.840205:5.852443"
"106","2016-07-28T11:47:56Z",51.84309,5.853696,"62.337.497","16.000.000","14.030.805",9.320691,8,"gps","51.84309:5.853696"
"107","2016-07-28T11:48:14Z",51.843983,5.854374,"101.422.916","16.000.000","15.953.669",0,9,"gps","51.843983:5.854374"
"108","2016-07-28T11:48:25Z",51.84397,5.854127,"102.282.082","16.000.000","284.833.466",2.82967,8,"gps","51.84397:5.854127"
"109","2016-07-28T11:48:39Z",51.844085,5.853675,"99.944.434","12.000.000","280.249.603",0,8,"gps","51.844085:5.853675"
"110","2016-07-28T11:48:53Z",51.843984,5.853493,"97.772.703","12.000.000","161.174.576",0.830356,8,"gps","51.843984:5.853493"
"111","2016-07-28T11:49:14Z",51.844039,5.854013,"83.973.977","24.000.000","91.593.002",1.245783,0,"gps","51.844039:5.854013"
"112","2016-07-28T11:49:41Z",51.843493,5.854139,"62.563.735","24.000.000","139.811.935",1.457381,0,"gps","51.843493:5.854139"
"113","2016-07-28T11:49:51Z",51.843357,5.854296,"74.414.130","6.000.000","0",0.860668,14,"gps","51.843357:5.854296"
"114","2016-07-28T11:50:35Z",51.843356,5.855394,"69.846.164","8.000.000","0",0,4,"gps","51.843356:5.855394"
"115","2016-07-28T11:50:45Z",51.843472,5.855431,"83.485.036","6.000.000","0",0.709293,5,"gps","51.843472:5.855431"
"116","2016-07-28T12:37:41Z",51.843744,5.853924,"75.251.853","8.000.000","0",0,0,"gps","51.843744:5.853924"
"117","2016-07-28T12:37:52Z",51.843683,5.853895,"69.333.702","6.000.000","0",0,12,"gps","51.843683:5.853895"
"118","2016-07-28T12:38:03Z",51.843683,5.853895,"69.313.164","8.000.000","0",0,12,"gps","51.843683:5.853895"
"119","2016-07-28T12:38:14Z",51.843732,5.853879,"55.011.623","16.000.000","0",0,0,"gps","51.843732:5.853879"
"120","2016-07-28T12:38:36Z",51.843422,5.853882,"98.092.749","32.000.000","0",0.894354,7,"gps","51.843422:5.853882"
"121","2016-07-28T12:38:47Z",51.84272,5.853711,"74.079.727","12.000.000","198.549.942",5.289594,12,"gps","51.84272:5.853711"
"122","2016-07-28T12:39:03Z",51.841552,5.852957,"62.998.429","8.000.000","195.827.377",8.063681,12,"gps","51.841552:5.852957"
"123","2016-07-28T12:39:18Z",51.840432,5.852112,"44.940.272","16.000.000","199.553.589",7.857609,0,"gps","51.840432:5.852112"
"124","2016-07-28T12:39:28Z",51.839583,5.85187,"58.552.356","12.000.000","205.409.546",9.073521,12,"gps","51.839583:5.85187"
"125","2016-07-28T12:39:46Z",51.838634,5.85061,"76.658.969","6.000.000","236.356.842",8.753944,12,"gps","51.838634:5.85061"
"126","2016-07-28T12:39:56Z",51.838212,5.849947,"74.488.128","6.000.000","189.470.062",6.713083,12,"gps","51.838212:5.849947"
"127","2016-07-28T12:40:07Z",51.837423,5.849791,"72.863.368","8.000.000","191.619.339",6.98008,11,"gps","51.837423:5.849791"
"128","2016-07-28T12:40:22Z",51.837245,5.84968,"71.894.672","16.000.000","202.706.238",0,12,"gps","51.837245:5.84968"
"129","2016-07-28T12:41:04Z",51.836568,5.849442,"83.515.531","8.000.000","189.973.953",0,11,"gps","51.836568:5.849442"
"130","2016-07-28T12:41:39Z",51.83528,5.849223,"77.573.287","8.000.000","188.296.234",9.427123,6,"gps","51.83528:5.849223"
"131","2016-07-28T12:41:57Z",51.833769,5.848832,"75.322.338","6.000.000","189.421.646",6.858673,11,"gps","51.833769:5.848832"
"132","2016-07-28T12:42:08Z",51.833193,5.848643,"78.864.866","8.000.000","207.397.568",4.934111,12,"gps","51.833193:5.848643"
"133","2016-07-28T12:42:23Z",51.833175,5.847517,"71.926.140","16.000.000","0",0.836327,10,"gps","51.833175:5.847517"
"134","2016-07-28T12:43:06Z",51.832327,5.846691,"67.947.666","6.000.000","173.115.067",8.25422,10,"gps","51.832327:5.846691"
"135","2016-07-28T12:43:17Z",51.831628,5.846804,"67.861.934","6.000.000","173.231.659",4.026441,11,"gps","51.831628:5.846804"
"136","2016-07-28T12:44:30Z",51.831628,5.844532,"74.698.275","24.000.000","0",1.259815,4,"gps","51.831628:5.844532"
"137","2016-07-28T12:44:55Z",51.831544,5.844244,"115.352.692","24.000.000","0",0,9,"gps","51.831544:5.844244"
"138","2016-07-28T12:45:20Z",51.831259,5.840957,"70.111.088","12.000.000","262.620.728",9.454682,8,"gps","51.831259:5.840957"
"139","2016-07-28T12:45:37Z",51.831197,5.838764,"63.342.374","24.000.000","257.682.495",9.092748,0,"gps","51.831197:5.838764"
"140","2016-07-28T12:45:48Z",51.831104,5.837382,"50.023.495","32.000.000","264.110.779",9.670137,9,"gps","51.831104:5.837382"
"141","2016-07-28T12:46:04Z",51.830789,5.835501,"73.692.243","8.000.000","240.991.608",2.733314,11,"gps","51.830789:5.835501"
"142","2016-07-28T12:46:55Z",51.828826,5.83222,"102.874.808","12.000.000","224.675.720",9.949821,5,"gps","51.828826:5.83222"
"143","2016-07-28T12:47:14Z",51.827329,5.830228,"57.818.328","8.000.000","224.174.911",11.189558,7,"gps","51.827329:5.830228"
"144","2016-07-28T12:47:32Z",51.826252,5.828178,"61.197.840","8.000.000","225.931.763",9.472398,12,"gps","51.826252:5.828178"
"145","2016-07-28T12:47:49Z",51.825672,5.827156,"57.982.862","8.000.000","219.967.896",5.703544,11,"gps","51.825672:5.827156"
"146","2016-07-28T12:48:00Z",51.825637,5.827099,"58.029.132","6.000.000","220.357.864",0,14,"gps","51.825637:5.827099"
"147","2016-07-28T12:48:15Z",51.825637,5.827099,"58.352.626","6.000.000","220.357.864",0,14,"gps","51.825637:5.827099"
"148","2016-07-28T12:48:49Z",51.824371,5.826588,"76.703.787","6.000.000","149.537.827",0,14,"gps","51.824371:5.826588"
"149","2016-07-28T12:49:23Z",51.822433,5.827559,"67.263.278","8.000.000","172.281.967",11.577083,10,"gps","51.822433:5.827559"
"150","2016-07-28T12:49:34Z",51.821267,5.82768,"61.812.189","8.000.000","174.381.714",11.773915,10,"gps","51.821267:5.82768"
"151","2016-07-28T12:50:12Z",51.819683,5.828218,"86.149.326","16.000.000","158.531.952",7.966151,0,"gps","51.819683:5.828218"
"152","2016-07-28T12:50:36Z",51.819044,5.82999,"95.587.914","24.000.000","159.861.649",5.754361,0,"gps","51.819044:5.82999"
"153","2016-07-28T12:50:50Z",51.818217,5.829825,"43.718.810","8.000.000","181.696.396",7.277488,9,"gps","51.818217:5.829825"
"154","2016-07-28T12:51:09Z",51.817114,5.829524,"65.965.375","6.000.000","196.482.285",6.188009,9,"gps","51.817114:5.829524"
"155","2016-07-28T12:51:25Z",51.816959,5.829436,"66.265.125","6.000.000","198.255.768",0,12,"gps","51.816959:5.829436"
"156","2016-07-28T12:51:36Z",51.816959,5.829436,"66.131.386","4.000.000","198.255.768",0,12,"gps","51.816959:5.829436"
"157","2016-07-28T12:51:52Z",51.816683,5.829392,"61.353.482","12.000.000","186.060.562",4.318826,11,"gps","51.816683:5.829392"
"158","2016-07-28T12:52:07Z",51.815975,5.828938,"55.381.789","8.000.000","221.759.384",5.437226,12,"gps","51.815975:5.828938"
"159","2016-07-28T12:52:18Z",51.816013,5.828296,"54.877.356","16.000.000","309.786.835",4.795629,12,"gps","51.816013:5.828296"
"160","2016-07-28T12:52:33Z",51.816078,5.827835,"55.448.248","8.000.000","290.348.907",3.491418,12,"gps","51.816078:5.827835"
"161","2016-07-28T12:52:52Z",51.814954,5.827245,"56.360.584","6.000.000","184.600.922",10.00979,11,"gps","51.814954:5.827245"
"162","2016-07-28T12:53:10Z",51.813769,5.827636,"57.984.643","6.000.000","151.370.270",0,10,"gps","51.813769:5.827636"
"163","2016-07-28T12:53:51Z",51.8122,5.829222,"18.100.160","16.000.000","139.212.936",7.693666,0,"gps","51.8122:5.829222"
"164","2016-07-28T12:54:19Z",51.811724,5.830278,"78.843.817","12.000.000","0",0,8,"gps","51.811724:5.830278"
"165","2016-07-28T12:54:30Z",51.811525,5.830416,"48.937.314","12.000.000","148.848.755",6.577582,8,"gps","51.811525:5.830416"
"166","2016-07-28T12:54:41Z",51.811094,5.830843,"71.403.856","16.000.000","203.820.267",1.827859,0,"gps","51.811094:5.830843"
"167","2016-07-28T12:54:54Z",51.810686,5.829924,"65.956.559","6.000.000","231.152.542",8.550066,7,"gps","51.810686:5.829924"
"168","2016-07-28T12:55:29Z",51.808965,5.828403,"66.848.242","6.000.000","141.932.770",7.555714,11,"gps","51.808965:5.828403"
"169","2016-07-28T12:55:47Z",51.80881,5.828527,"46.602.959","8.000.000","142.179.901",0,11,"gps","51.80881:5.828527"
"170","2016-07-28T12:56:27Z",51.807831,5.82983,"60.053.691","12.000.000","140.008.423",7.678971,6,"gps","51.807831:5.82983"
"171","2016-07-28T12:56:37Z",51.807357,5.830427,"42.311.315","12.000.000","137.689.774",6.342289,8,"gps","51.807357:5.830427"
"172","2016-07-28T12:57:16Z",51.806267,5.831329,"81.958.482","6.000.000","0",0,8,"gps","51.806267:5.831329"
"173","2016-07-28T12:57:59Z",51.806555,5.831673,"74.202.944","12.000.000","337.344.574",1.635269,0,"gps","51.806555:5.831673"
"174","2016-07-28T12:58:13Z",51.806623,5.831739,"68.698.611","8.000.000","0",0,12,"gps","51.806623:5.831739"
"175","2016-07-28T12:58:24Z",51.806688,5.831652,"74.007.769","6.000.000","320.309.418",0,12,"gps","51.806688:5.831652"
"176","2016-07-28T12:58:39Z",51.806828,5.831436,"78.451.006","8.000.000","317.291.626",1.27423,15,"gps","51.806828:5.831436"
"177","2016-07-28T12:58:50Z",51.806954,5.831213,"77.027.747","16.000.000","301.415.222",1.409685,14,"gps","51.806954:5.831213"
"178","2016-07-28T12:59:01Z",51.807082,5.831056,"73.818.069","12.000.000","305.791.565",1.345463,13,"gps","51.807082:5.831056"
"179","2016-07-28T12:59:16Z",51.807257,5.830833,"69.757.727","8.000.000","331.970.398",1.273152,13,"gps","51.807257:5.830833"
"180","2016-07-28T12:59:27Z",51.807365,5.83071,"68.752.180","12.000.000","337.129.700",1.194525,14,"gps","51.807365:5.83071"
"181","2016-07-28T12:59:39Z",51.807485,5.830505,"67.517.892","16.000.000","329.002.075",1.1586,14,"gps","51.807485:5.830505"
"182","2016-07-28T12:59:56Z",51.807664,5.830313,"66.251.766","12.000.000","330.210.327",1.377066,14,"gps","51.807664:5.830313"
"183","2016-07-28T13:00:15Z",51.807857,5.830095,"64.349.301","24.000.000","302.720.795",1.336771,12,"gps","51.807857:5.830095"
"184","2016-07-28T13:00:26Z",51.807956,5.830134,"63.364.542","16.000.000","44.862.869",1.193547,13,"gps","51.807956:5.830134"
"185","2016-07-28T13:00:41Z",51.808125,5.830259,"60.351.461","24.000.000","68.981.628",1.362277,14,"gps","51.808125:5.830259"
"186","2016-07-28T13:00:52Z",51.80824,5.830334,"62.661.620","24.000.000","314.029.175",1.260308,11,"gps","51.80824:5.830334"
"187","2016-07-28T13:07:58Z",51.807811,5.83176,"55.615.353","24.000.000","168.493.500",0.995593,3,"gps","51.807811:5.83176"
"188","2016-07-28T13:08:09Z",51.807837,5.831847,"49.415.275","16.000.000","0",0,4,"gps","51.807837:5.831847"
"189","2016-07-28T13:08:19Z",51.807813,5.832076,"55.075.385","8.000.000","0",1.15592,13,"gps","51.807813:5.832076"
"190","2016-07-28T13:08:34Z",51.807655,5.832217,"55.748.109","16.000.000","150.284.225",1.641501,11,"gps","51.807655:5.832217"
"191","2016-07-28T13:08:45Z",51.807536,5.832332,"56.860.258","16.000.000","141.020.645",1.496032,11,"gps","51.807536:5.832332"
"192","2016-07-28T13:08:57Z",51.807391,5.832524,"57.721.253","12.000.000","159.156.235",1.515425,14,"gps","51.807391:5.832524"
"193","2016-07-28T13:09:08Z",51.80723,5.832687,"58.367.785","16.000.000","138.879.929",1.612757,13,"gps","51.80723:5.832687"
"194","2016-07-28T13:09:23Z",51.807322,5.832931,"58.970.174","8.000.000","24.187.000",1.434024,10,"gps","51.807322:5.832931"
"195","2016-07-28T13:09:35Z",51.807497,5.832975,"58.905.562","32.000.000","351.291.840",0.16226,10,"gps","51.807497:5.832975"
"196","2016-07-28T13:09:52Z",51.807635,5.833085,"45.881.700","12.000.000","117.942.337",0.352818,14,"gps","51.807635:5.833085"
"197","2016-07-28T13:10:03Z",51.80776,5.83319,"26.439.138","24.000.000","164.439.560",0.703148,10,"gps","51.80776:5.83319"
"198","2016-07-28T13:25:23Z",51.807308,5.833392,"28.815.728","24.000.000","0",0,0,"gps","51.807308:5.833392"
"199","2016-07-28T13:25:42Z",51.807445,5.833123,"48.285.626","8.000.000","0",0,7,"gps","51.807445:5.833123"
"200","2016-07-28T13:25:59Z",51.807855,5.832908,"30.207.404","16.000.000","0",0,8,"gps","51.807855:5.832908"
"201","2016-07-28T13:26:25Z",51.807498,5.832875,"28.785.223","16.000.000","0",0,4,"gps","51.807498:5.832875"
"202","2016-07-28T13:26:37Z",51.807344,5.832932,"32.039.182","24.000.000","0",0,8,"gps","51.807344:5.832932"
"203","2016-07-28T13:27:21Z",51.80772,5.832984,"47.036.491","24.000.000","0",0,7,"gps","51.80772:5.832984"
"204","2016-07-28T13:27:31Z",51.807631,5.832967,"39.536.140","24.000.000","0",0,8,"gps","51.807631:5.832967"
"205","2016-07-28T13:27:42Z",51.807541,5.832962,"43.136.441","16.000.000","0",0,11,"gps","51.807541:5.832962"
"206","2016-07-28T13:28:43Z",51.807561,5.832957,"14.482.220","32.000.000","0",0,8,"gps","51.807561:5.832957"
"207","2016-07-28T13:28:54Z",51.807568,5.832928,"21.758.590","32.000.000","0",0,8,"gps","51.807568:5.832928"
"208","2016-07-28T13:30:11Z",51.80761,5.833029,"43.139.121","32.000.000","0",0,6,"gps","51.80761:5.833029"
"209","2016-07-28T13:31:40Z",51.807548,5.832983,"82.348.332","32.000.000","0",0.133681,8,"gps","51.807548:5.832983"
"210","2016-07-28T13:33:10Z",51.807622,5.832953,"79.056.003","24.000.000","0",0,5,"gps","51.807622:5.832953"
"211","2016-07-28T13:33:56Z",51.80768,5.832822,"79.101.692","16.000.000","0",0,4,"gps","51.80768:5.832822"
"212","2016-07-28T13:34:06Z",51.80768,5.832822,"73.982.735","24.000.000","0",0,6,"gps","51.80768:5.832822"
"213","2016-07-28T13:35:27Z",51.807704,5.833171,"78.436.662","32.000.000","0",0,5,"gps","51.807704:5.833171"
"214","2016-07-28T13:35:57Z",51.807518,5.832956,"72.234.060","32.000.000","171.685.623",0.165329,6,"gps","51.807518:5.832956"
"215","2016-07-28T13:36:21Z",51.807466,5.832969,"42.447.666","32.000.000","135.428.589",0.513579,7,"gps","51.807466:5.832969"
"216","2016-07-28T16:06:42Z",51.807851,5.833307,"87.406.140","16.000.000","122.291.298",1.169642,0,"gps","51.807851:5.833307"
"217","2016-07-28T16:08:39Z",51.809066,5.833769,"95.361.847","16.000.000","138.054.184",0.458846,0,"gps","51.809066:5.833769"
"218","2016-07-28T16:08:50Z",51.808969,5.833684,"68.059.487","12.000.000","320.766.205",1.360441,11,"gps","51.808969:5.833684"
"219","2016-07-28T16:09:01Z",51.808979,5.83374,"52.333.276","8.000.000","34.735.607",1.783718,8,"gps","51.808979:5.83374"
"220","2016-07-28T16:09:12Z",51.809067,5.833836,"59.422.807","4.000.000","0",0,13,"gps","51.809067:5.833836"
"221","2016-07-28T16:09:23Z",51.809191,5.833978,"60.427.773","6.000.000","33.452.938",1.195104,12,"gps","51.809191:5.833978"
"222","2016-07-28T16:09:38Z",51.80934,5.834094,"55.991.078","6.000.000","48.565.815",0.884873,13,"gps","51.80934:5.834094"
"223","2016-07-28T16:09:55Z",51.809493,5.834329,"57.492.897","6.000.000","25.829.144",1.197379,13,"gps","51.809493:5.834329"
"224","2016-07-28T16:10:05Z",51.809607,5.834409,"57.766.599","6.000.000","13.583.737",1.333495,13,"gps","51.809607:5.834409"
"225","2016-07-28T16:10:24Z",51.809812,5.834463,"58.421.814","6.000.000","24.179.173",1.232182,13,"gps","51.809812:5.834463"
"226","2016-07-28T16:10:36Z",51.809945,5.834429,"49.601.063","12.000.000","232.666.321",0.048597,13,"gps","51.809945:5.834429"
"227","2016-07-28T16:10:47Z",51.809868,5.834481,"38.894.443","12.000.000","5.574.875",1.027854,8,"gps","51.809868:5.834481"
"228","2016-07-28T16:10:58Z",51.809969,5.834486,"47.204.874","6.000.000","21.468.224",0.465383,13,"gps","51.809969:5.834486"
"229","2016-07-28T16:11:09Z",51.810197,5.834581,"66.071.773","16.000.000","6.201.638",0.91875,8,"gps","51.810197:5.834581"
"230","2016-07-28T16:11:20Z",51.810348,5.834599,"60.050.357","24.000.000","11.833.333",1.270447,8,"gps","51.810348:5.834599"
"231","2016-07-28T16:11:39Z",51.81049,5.834723,"56.034.160","4.000.000","21.557.720",1.386342,13,"gps","51.81049:5.834723"
"232","2016-07-28T16:11:50Z",51.810635,5.834753,"58.097.667","16.000.000","27.177.357",1.349226,8,"gps","51.810635:5.834753"
"233","2016-07-28T16:12:08Z",51.810825,5.834896,"59.691.835","4.000.000","12.590.974",1.160081,13,"gps","51.810825:5.834896"
"234","2016-07-28T16:12:27Z",51.810913,5.834973,"47.393.407","16.000.000","7.028.554",1.268291,13,"gps","51.810913:5.834973"
"235","2016-07-28T16:12:42Z",51.811176,5.835081,"62.976.484","4.000.000","937.419",1.356132,12,"gps","51.811176:5.835081"
"236","2016-07-28T16:13:00Z",51.811382,5.835209,"65.208.723","4.000.000","359.754.852",1.290495,12,"gps","51.811382:5.835209"
"237","2016-07-28T16:13:11Z",51.811489,5.83524,"69.268.942","8.000.000","26.866.463",1.734051,13,"gps","51.811489:5.83524"
"238","2016-07-28T16:13:22Z",51.81152,5.835313,"65.180.165","12.000.000","18.097.641",1.164497,6,"gps","51.81152:5.835313"
"239","2016-07-28T16:13:33Z",51.811736,5.835238,"43.250.588","8.000.000","22.854.908",1.287741,8,"gps","51.811736:5.835238"
"240","2016-07-28T16:13:44Z",51.811819,5.835367,"61.595.865","4.000.000","9.403.509",1.562406,14,"gps","51.811819:5.835367"
"241","2016-07-28T16:13:55Z",51.811954,5.83542,"62.034.962","4.000.000","17.596.378",1.308469,14,"gps","51.811954:5.83542"
"242","2016-07-28T16:14:12Z",51.812177,5.835491,"60.560.067","4.000.000","2.002.000",1.375465,14,"gps","51.812177:5.835491"
"243","2016-07-28T16:14:22Z",51.812298,5.835546,"60.513.847","4.000.000","12.536.974",1.306894,14,"gps","51.812298:5.835546"
"244","2016-07-28T16:14:41Z",51.812618,5.835695,"66.451.631","16.000.000","356.838.318",1.06328,14,"gps","51.812618:5.835695"
"245","2016-07-28T16:14:52Z",51.81264,5.835735,"64.828.315","24.000.000","14.122.046",1.021502,10,"gps","51.81264:5.835735"
"246","2016-07-28T16:15:05Z",51.812733,5.83566,"76.423.447","16.000.000","342.694.214",1.669527,12,"gps","51.812733:5.83566"
"247","2016-07-28T16:15:16Z",51.81287,5.835684,"73.032.369","32.000.000","301.187.897",2.471193,11,"gps","51.81287:5.835684"
"248","2016-07-28T16:15:26Z",51.813017,5.835509,"56.496.536","16.000.000","332.399.689",1.682112,10,"gps","51.813017:5.835509"
"249","2016-07-28T16:15:37Z",51.813169,5.835521,"56.328.995","16.000.000","37.216.785",1.46904,10,"gps","51.813169:5.835521"
"250","2016-07-28T16:15:48Z",51.813296,5.835669,"65.046.154","16.000.000","343.582.489",1.104838,13,"gps","51.813296:5.835669"
"251","2016-07-28T16:16:00Z",51.81346,5.835666,"64.965.196","12.000.000","6.923.097",1.296293,12,"gps","51.81346:5.835666"
"252","2016-07-28T16:16:11Z",51.8136,5.835839,"64.235.069","16.000.000","58.556.332",1.409588,12,"gps","51.8136:5.835839"
"253","2016-07-28T16:16:29Z",51.813746,5.836093,"58.373.093","12.000.000","73.494.492",0.951159,13,"gps","51.813746:5.836093"
"254","2016-07-28T16:16:40Z",51.813913,5.836237,"65.852.125","24.000.000","52.477.711",2.713896,9,"gps","51.813913:5.836237"
"255","2016-07-28T16:16:53Z",51.813889,5.836461,"71.810.333","16.000.000","46.228.638",1.185814,13,"gps","51.813889:5.836461"
"256","2016-07-28T16:17:04Z",51.814153,5.836539,"56.454.182","24.000.000","44.705.173",1.103119,12,"gps","51.814153:5.836539"
"257","2016-07-28T16:17:15Z",51.814187,5.83674,"60.629.966","16.000.000","62.897.476",1.233738,9,"gps","51.814187:5.83674"
"258","2016-07-28T16:17:25Z",51.814284,5.836915,"69.932.544","16.000.000","45.050.373",1.279901,9,"gps","51.814284:5.836915"
"259","2016-07-28T16:17:36Z",51.814289,5.837059,"71.176.171","24.000.000","63.597.450",0.385411,9,"gps","51.814289:5.837059"
"260","2016-07-28T16:17:47Z",51.814336,5.83733,"70.247.440","16.000.000","38.674.110",1.023816,10,"gps","51.814336:5.83733"
"261","2016-07-28T16:18:01Z",51.81445,5.837524,"69.602.844","16.000.000","46.160.034",1.17313,8,"gps","51.81445:5.837524"
"262","2016-07-28T16:18:12Z",51.814542,5.837698,"68.900.579","12.000.000","27.131.809",1.331849,11,"gps","51.814542:5.837698"
"263","2016-07-28T16:18:29Z",51.814772,5.83802,"67.709.861","12.000.000","45.057.541",1.507503,8,"gps","51.814772:5.83802"
"264","2016-07-28T16:18:46Z",51.814903,5.838216,"67.619.796","16.000.000","44.534.683",0.501116,8,"gps","51.814903:5.838216"
"265","2016-07-28T16:19:04Z",51.815017,5.838455,"68.026.771","24.000.000","23.929.878",0.881788,11,"gps","51.815017:5.838455"
"266","2016-07-28T16:19:22Z",51.815201,5.838728,"67.487.111","12.000.000","16.448.063",1.452649,10,"gps","51.815201:5.838728"
"267","2016-07-28T16:19:39Z",51.815415,5.839006,"67.595.163","24.000.000","38.340.015",1.56895,11,"gps","51.815415:5.839006"
"268","2016-07-28T16:19:57Z",51.815651,5.839346,"67.598.007","16.000.000","25.566.969",1.511324,12,"gps","51.815651:5.839346"
"269","2016-07-28T16:20:08Z",51.815777,5.839589,"66.439.740","6.000.000","40.746.140",1.280572,12,"gps","51.815777:5.839589"
"270","2016-07-28T16:20:18Z",51.815878,5.83976,"65.569.142","16.000.000","50.763.287",1.489468,9,"gps","51.815878:5.83976"
"271","2016-07-28T16:20:29Z",51.815967,5.839919,"64.887.512","16.000.000","54.801.792",1.410641,11,"gps","51.815967:5.839919"
"272","2016-07-28T16:20:40Z",51.816095,5.840095,"64.126.708","16.000.000","34.532.879",1.574906,12,"gps","51.816095:5.840095"
"273","2016-07-28T16:20:51Z",51.81619,5.840224,"63.751.032","16.000.000","28.410.294",1.555277,9,"gps","51.81619:5.840224"
"274","2016-07-28T16:21:02Z",51.81628,5.840311,"65.244.949","24.000.000","28.293.259",1.331413,10,"gps","51.81628:5.840311"
"275","2016-07-28T16:21:13Z",51.8164,5.840502,"65.163.982","12.000.000","40.055.843",1.465031,11,"gps","51.8164:5.840502"
"276","2016-07-28T16:21:29Z",51.816566,5.840702,"64.818.002","8.000.000","16.727.882",1.373155,11,"gps","51.816566:5.840702"
"277","2016-07-28T16:21:49Z",51.816354,5.841007,"56.783.964","32.000.000","282.635.010",0.302185,12,"gps","51.816354:5.841007"
"278","2016-07-28T16:22:00Z",51.816575,5.840968,"56.970.390","24.000.000","325.540.039",3.330298,9,"gps","51.816575:5.840968"
"279","2016-07-28T16:22:11Z",51.816731,5.84036,"49.037.393","24.000.000","318.617.676",1.861073,10,"gps","51.816731:5.84036"
"280","2016-07-28T16:22:30Z",51.816958,5.840332,"62.527.672","16.000.000","307.222.687",1.500471,12,"gps","51.816958:5.840332"
"281","2016-07-28T16:22:40Z",51.817068,5.840198,"68.139.341","12.000.000","323.764.679",1.444051,11,"gps","51.817068:5.840198"
"282","2016-07-28T16:22:56Z",51.817242,5.839936,"66.065.046","24.000.000","308.824.524",1.511771,9,"gps","51.817242:5.839936"
"283","2016-07-28T16:23:07Z",51.817334,5.839766,"65.846.188","24.000.000","306.160.797",1.276854,10,"gps","51.817334:5.839766"
"284","2016-07-28T16:23:18Z",51.817418,5.839601,"65.008.007","16.000.000","311.030.334",1.30934,9,"gps","51.817418:5.839601"
"285","2016-07-28T16:23:29Z",51.817532,5.839541,"64.928.976","32.000.000","330.215.851",1.413942,10,"gps","51.817532:5.839541"
"286","2016-07-28T16:23:40Z",51.817671,5.839364,"67.686.275","24.000.000","306.559.723",1.473877,9,"gps","51.817671:5.839364"
"287","2016-07-28T16:23:57Z",51.817802,5.839215,"69.767.208","24.000.000","20.332.308",1.090025,10,"gps","51.817802:5.839215"
"288","2016-07-28T16:24:08Z",51.817967,5.839154,"68.675.755","24.000.000","4.563.250",1.656549,12,"gps","51.817967:5.839154"
"289","2016-07-28T16:24:24Z",51.818114,5.838948,"67.433.554","32.000.000","344.114.990",1.653677,11,"gps","51.818114:5.838948"
"290","2016-07-28T16:24:35Z",51.818206,5.838842,"66.119.292","16.000.000","329.414.246",1.504686,8,"gps","51.818206:5.838842"
"291","2016-07-28T16:24:45Z",51.818287,5.838768,"65.464.775","16.000.000","343.871.307",1.354202,9,"gps","51.818287:5.838768"
"292","2016-07-28T16:24:55Z",51.818392,5.838733,"66.658.419","24.000.000","348.766.022",1.317424,9,"gps","51.818392:5.838733"
"293","2016-07-28T16:25:06Z",51.818511,5.83872,"67.901.554","16.000.000","356.489.349",0.912527,10,"gps","51.818511:5.83872"
"294","2016-07-28T16:25:17Z",51.818652,5.838639,"69.702.273","24.000.000","344.162.659",1.163588,10,"gps","51.818652:5.838639"
"295","2016-07-28T16:25:32Z",51.81888,5.838488,"74.900.673","12.000.000","347.183.014",1.429694,11,"gps","51.81888:5.838488"
"296","2016-07-28T16:25:50Z",51.819065,5.838324,"78.802.873","16.000.000","338.834.290",1.316045,10,"gps","51.819065:5.838324"
"297","2016-07-28T16:26:01Z",51.819278,5.838288,"80.427.246","24.000.000","351.602.417",1.388618,10,"gps","51.819278:5.838288"
"298","2016-07-28T16:26:17Z",51.819513,5.838156,"81.885.195","16.000.000","342.044.312",1.619242,10,"gps","51.819513:5.838156"
"299","2016-07-28T16:26:28Z",51.819641,5.838091,"81.521.390","24.000.000","343.531.738",1.650908,9,"gps","51.819641:5.838091"
"300","2016-07-28T16:26:43Z",51.819785,5.838002,"81.560.148","32.000.000","343.834.015",0.909066,10,"gps","51.819785:5.838002"
"301","2016-07-28T16:26:54Z",51.819873,5.837892,"81.345.881","24.000.000","324.393.921",0.939715,10,"gps","51.819873:5.837892"
"302","2016-07-28T16:27:05Z",51.820207,5.837788,"39.265.431","12.000.000","346.481.171",1.315756,10,"gps","51.820207:5.837788"
"303","2016-07-28T16:27:16Z",51.820272,5.837665,"53.309.466","12.000.000","333.087.738",1.279166,8,"gps","51.820272:5.837665"
"304","2016-07-28T16:27:27Z",51.820367,5.837584,"54.383.889","16.000.000","334.954.376",1.172956,8,"gps","51.820367:5.837584"
"305","2016-07-28T16:27:39Z",51.820522,5.837507,"48.017.192","16.000.000","337.953.583",1.74921,8,"gps","51.820522:5.837507"
"306","2016-07-28T16:27:49Z",51.820677,5.837492,"50.516.274","24.000.000","353.786.560",0.962302,10,"gps","51.820677:5.837492"
"307","2016-07-28T16:28:05Z",51.82087,5.837369,"54.538.857","16.000.000","343.337.280",1.200942,9,"gps","51.82087:5.837369"
"308","2016-07-28T16:28:23Z",51.821126,5.83724,"59.559.132","16.000.000","349.315.125",1.449642,9,"gps","51.821126:5.83724"
"309","2016-07-28T16:28:41Z",51.821279,5.837051,"61.880.568","16.000.000","315.533.936",1.213836,10,"gps","51.821279:5.837051"
"310","2016-07-28T16:28:58Z",51.821497,5.836863,"63.218.486","12.000.000","312.216.553",1.385231,10,"gps","51.821497:5.836863"
"311","2016-07-28T16:29:08Z",51.821582,5.836684,"63.178.667","16.000.000","304.662.231",1.239335,11,"gps","51.821582:5.836684"
"312","2016-07-28T16:29:21Z",51.821747,5.836376,"63.924.278","8.000.000","304.408.661",1.434659,11,"gps","51.821747:5.836376"
"313","2016-07-28T16:29:32Z",51.821855,5.836013,"60.978.597","16.000.000","328.989.136",1.01911,11,"gps","51.821855:5.836013"
"314","2016-07-28T16:29:46Z",51.822101,5.836348,"66.824.271","24.000.000","338.798.828",1.304077,5,"gps","51.822101:5.836348"
"315","2016-07-28T16:30:12Z",51.822033,5.835529,"68.544.886","32.000.000","357.187.378",1.560888,6,"gps","51.822033:5.835529"
"316","2016-07-28T16:30:22Z",51.822267,5.835446,"72.826.815","16.000.000","322.242.584",1.743923,7,"gps","51.822267:5.835446"
"317","2016-07-28T16:30:33Z",51.822504,5.835518,"56.382.516","32.000.000","343.364.136",1.821252,7,"gps","51.822504:5.835518"
"318","2016-07-28T16:30:48Z",51.822874,5.835656,"66.443.724","16.000.000","2.161.617",2.094372,6,"gps","51.822874:5.835656"
"319","2016-07-28T16:30:58Z",51.823033,5.835621,"65.493.070","32.000.000","359.080.139",1.986899,7,"gps","51.823033:5.835621"
"320","2016-07-28T16:31:17Z",51.823079,5.83581,"64.653.048","16.000.000","13.723.985",1.03293,7,"gps","51.823079:5.83581"
"321","2016-07-28T16:31:27Z",51.823291,5.835787,"66.948.666","24.000.000","7.185.575",0,7,"gps","51.823291:5.835787"
"322","2016-07-28T16:31:39Z",51.82357,5.835685,"58.932.652","24.000.000","359.868.958",2.08333,6,"gps","51.82357:5.835685"
"323","2016-07-28T16:31:50Z",51.823707,5.835671,"55.872.417","16.000.000","358.407.959",1.891299,0,"gps","51.823707:5.835671"
"324","2016-07-28T16:32:02Z",51.823932,5.835648,"55.007.626","24.000.000","2.596.534",1.887038,6,"gps","51.823932:5.835648"
"325","2016-07-28T16:32:20Z",51.824105,5.835693,"59.370.493","16.000.000","351.149.170",1.824578,9,"gps","51.824105:5.835693"
"326","2016-07-28T16:32:44Z",51.824285,5.835629,"63.360.945","16.000.000","349.865.021",1.37709,8,"gps","51.824285:5.835629"
"327","2016-07-28T16:33:02Z",51.824551,5.835517,"62.947.935","16.000.000","346.178.131",1.569025,7,"gps","51.824551:5.835517"
"328","2016-07-28T16:33:13Z",51.824769,5.835662,"64.559.197","32.000.000","51.844.624",0.423493,10,"gps","51.824769:5.835662"
"329","2016-07-28T16:33:25Z",51.824847,5.835715,"53.779.198","24.000.000","9.283.576",1.110555,10,"gps","51.824847:5.835715"
"330","2016-07-28T16:33:43Z",51.825073,5.836019,"68.203.786","24.000.000","36.894.756",1.63684,9,"gps","51.825073:5.836019"
"331","2016-07-28T16:33:54Z",51.825179,5.836133,"67.699.189","24.000.000","40.136.528",1.547007,9,"gps","51.825179:5.836133"
"332","2016-07-28T16:34:09Z",51.82533,5.836269,"65.588.079","24.000.000","53.073.181",1.494178,9,"gps","51.82533:5.836269"
"333","2016-07-28T16:34:27Z",51.825515,5.836609,"64.418.879","16.000.000","23.394.272",1.579708,9,"gps","51.825515:5.836609"
"334","2016-07-28T16:34:44Z",51.825683,5.836892,"63.907.014","16.000.000","56.673.061",1.793987,8,"gps","51.825683:5.836892"
"335","2016-07-28T16:35:02Z",51.825891,5.83729,"64.163.164","32.000.000","50.337.795",1.94215,8,"gps","51.825891:5.83729"
"336","2016-07-28T16:35:18Z",51.826079,5.837312,"63.797.533","16.000.000","41.560.719",1.829268,8,"gps","51.826079:5.837312"
"337","2016-07-28T16:35:32Z",51.826188,5.837483,"63.534.678","16.000.000","41.960.903",1.567874,8,"gps","51.826188:5.837483"
"338","2016-07-28T16:35:49Z",51.826353,5.837671,"62.947.742","16.000.000","43.030.910",1.756127,7,"gps","51.826353:5.837671"
"339","2016-07-28T16:36:07Z",51.826384,5.837841,"62.156.242","24.000.000","69.909.691",1.279951,8,"gps","51.826384:5.837841"
"340","2016-07-28T16:36:25Z",51.826159,5.838198,"66.775.257","24.000.000","111.272.453",1.154107,8,"gps","51.826159:5.838198"
"341","2016-07-28T16:36:36Z",51.825967,5.838376,"69.300.859","12.000.000","131.785.706",1.410388,8,"gps","51.825967:5.838376"
"342","2016-07-28T16:36:51Z",51.825668,5.838457,"68.691.795","12.000.000","153.441.055",1.263511,9,"gps","51.825668:5.838457"
"343","2016-07-28T16:37:02Z",51.82557,5.838589,"69.710.832","24.000.000","139.955.200",1.223802,0,"gps","51.82557:5.838589"
"344","2016-07-28T16:37:47Z",51.82505,5.839028,"68.739.571","32.000.000","151.991.196",1.435676,7,"gps","51.82505:5.839028"
"345","2016-07-28T16:37:59Z",51.824883,5.839275,"64.784.183","24.000.000","144.786.453",1.486,8,"gps","51.824883:5.839275"
"346","2016-07-28T16:38:18Z",51.824659,5.839487,"61.642.604","24.000.000","169.870.071",1.396869,0,"gps","51.824659:5.839487"
"347","2016-07-28T16:38:35Z",51.824469,5.83944,"64.572.324","16.000.000","174.775.055",1.209768,9,"gps","51.824469:5.83944"
"348","2016-07-28T16:38:54Z",51.824236,5.839419,"71.033.394","24.000.000","182.611.542",1.262573,0,"gps","51.824236:5.839419"
"349","2016-07-28T16:39:10Z",51.823984,5.839335,"70.590.777","16.000.000","196.304.321",1.542349,7,"gps","51.823984:5.839335"
"350","2016-07-28T16:39:20Z",51.823844,5.839241,"69.343.691","24.000.000","199.371.109",1.733626,9,"gps","51.823844:5.839241"
"351","2016-07-28T16:39:36Z",51.823652,5.839131,"69.020.106","24.000.000","191.375.092",1.710632,0,"gps","51.823652:5.839131"
"352","2016-07-28T16:39:52Z",51.823398,5.839133,"69.989.692","8.000.000","192.765.121",0,7,"gps","51.823398:5.839133"
"353","2016-07-28T16:40:03Z",51.823317,5.839152,"78.891.383","24.000.000","331.239.594",0.014713,11,"gps","51.823317:5.839152"
"354","2016-07-28T16:40:14Z",51.823266,5.838945,"68.769.676","12.000.000","221.447.037",0.549215,8,"gps","51.823266:5.838945"
"355","2016-07-28T16:40:25Z",51.82319,5.839089,"70.274.459","6.000.000","180.354.431",0.972887,11,"gps","51.82319:5.839089"
"356","2016-07-28T16:40:36Z",51.823064,5.839066,"73.094.908","6.000.000","177.244.507",1.259224,11,"gps","51.823064:5.839066"
"357","2016-07-28T16:40:48Z",51.822929,5.839002,"74.806.510","8.000.000","196.751.968",1.460525,11,"gps","51.822929:5.839002"
"358","2016-07-28T16:41:08Z",51.822718,5.83913,"74.236.981","16.000.000","197.140.335",1.128327,10,"gps","51.822718:5.83913"
"359","2016-07-28T16:41:19Z",51.822477,5.838848,"92.754.570","24.000.000","200.476.288",1.257607,7,"gps","51.822477:5.838848"
"360","2016-07-28T16:41:30Z",51.822404,5.838906,"66.150.819","16.000.000","183.208.984",0.443679,9,"gps","51.822404:5.838906"
"361","2016-07-28T16:41:40Z",51.822297,5.838876,"76.726.924","16.000.000","183.176.300",0.929977,9,"gps","51.822297:5.838876"
"362","2016-07-28T16:41:51Z",51.822174,5.838857,"79.586.507","16.000.000","184.828.171",1.064471,7,"gps","51.822174:5.838857"
"363","2016-07-28T16:42:06Z",51.821905,5.838857,"79.800.900","24.000.000","182.678.543",1.255419,7,"gps","51.821905:5.838857"
"364","2016-07-28T16:42:24Z",51.821744,5.838678,"77.131.506","12.000.000","210.091.461",1.16962,8,"gps","51.821744:5.838678"
"365","2016-07-28T16:42:36Z",51.821599,5.83853,"71.855.264","24.000.000","202.919.220",1.192626,0,"gps","51.821599:5.83853"
"366","2016-07-28T16:42:46Z",51.821429,5.838471,"68.766.563","16.000.000","195.949.371",1.336541,11,"gps","51.821429:5.838471"
"367","2016-07-28T16:42:59Z",51.821252,5.838469,"66.397.999","24.000.000","197.252.182",1.381952,11,"gps","51.821252:5.838469"
"368","2016-07-28T16:43:20Z",51.821008,5.838393,"61.955.274","32.000.000","183.194.611",1.332803,8,"gps","51.821008:5.838393"
"369","2016-07-28T16:43:31Z",51.820892,5.838467,"59.091.842","24.000.000","170.456.192",1.319582,11,"gps","51.820892:5.838467"
"370","2016-07-28T16:43:49Z",51.8207,5.838577,"59.217.370","12.000.000","166.442.139",1.314573,8,"gps","51.8207:5.838577"
"371","2016-07-28T16:44:06Z",51.820466,5.838526,"60.326.339","16.000.000","233.360.931",1.112499,8,"gps","51.820466:5.838526"
"372","2016-07-28T16:44:17Z",51.820255,5.838419,"60.477.236","8.000.000","184.637.741",1.230679,11,"gps","51.820255:5.838419"
"373","2016-07-28T16:44:29Z",51.820116,5.838321,"64.460.755","16.000.000","192.842.682",1.439362,11,"gps","51.820116:5.838321"
"374","2016-07-28T16:44:42Z",51.819859,5.838433,"77.863.218","16.000.000","292.564.362",1.046198,0,"gps","51.819859:5.838433"
"375","2016-07-28T16:44:53Z",51.819926,5.838104,"58.587.965","32.000.000","154.528.152",0.204832,6,"gps","51.819926:5.838104"
"376","2016-07-28T16:45:07Z",51.819661,5.838262,"42.047.998","24.000.000","185.808.899",1.32599,0,"gps","51.819661:5.838262"
"377","2016-07-28T16:45:18Z",51.819647,5.838422,"67.569.778","32.000.000","129.903.824",0.254456,9,"gps","51.819647:5.838422"
"378","2016-07-28T16:45:29Z",51.81948,5.838414,"83.022.138","24.000.000","183.549.377",0.764483,10,"gps","51.81948:5.838414"
"379","2016-07-28T16:45:45Z",51.819233,5.838518,"84.936.736","24.000.000","150.329.819",1.250331,10,"gps","51.819233:5.838518"
"380","2016-07-28T16:46:02Z",51.818969,5.838669,"88.506.615","16.000.000","158.787.704",1.504803,9,"gps","51.818969:5.838669"
"381","2016-07-28T16:46:20Z",51.818661,5.83874,"89.094.925","24.000.000","171.976.120",1.085868,9,"gps","51.818661:5.83874"
"382","2016-07-28T16:46:31Z",51.818583,5.838804,"88.450.042","32.000.000","167.680.374",0.512428,9,"gps","51.818583:5.838804"
"383","2016-07-28T16:46:48Z",51.818229,5.83897,"83.187.386","16.000.000","163.469.421",1.510917,10,"gps","51.818229:5.83897"
"384","2016-07-28T16:47:06Z",51.81802,5.839096,"76.406.067","12.000.000","141.859.619",1.629536,10,"gps","51.81802:5.839096"
"385","2016-07-28T16:47:43Z",51.817836,5.839703,"111.545.059","32.000.000","142.080.246",2.079441,8,"gps","51.817836:5.839703"
"386","2016-07-28T16:47:54Z",51.817557,5.839717,"101.925.446","12.000.000","0",0,8,"gps","51.817557:5.839717"
"387","2016-07-28T16:48:46Z",51.817225,5.839938,"139.435.211","24.000.000","344.553.558",0.594896,0,"gps","51.817225:5.839938"
"388","2016-07-28T16:48:57Z",51.817295,5.839846,"89.239.985","8.000.000","0",0,10,"gps","51.817295:5.839846"
"389","2016-07-28T16:49:31Z",51.817333,5.839727,"173.996.916","32.000.000","30.044.872",3.589468,5,"gps","51.817333:5.839727"
"390","2016-07-28T16:50:00Z",51.817194,5.840237,"104.971.034","32.000.000","0",0,6,"gps","51.817194:5.840237"
"391","2016-07-28T16:50:10Z",51.816911,5.840671,"71.409.044","12.000.000","0",0,9,"gps","51.816911:5.840671"
"392","2016-07-28T16:51:16Z",51.816653,5.840744,"80.254.331","24.000.000","0",0.760602,10,"gps","51.816653:5.840744"
"393","2016-07-28T16:51:28Z",51.816086,5.840729,"74.118.722","24.000.000","239.322.845",1.817297,10,"gps","51.816086:5.840729"
"394","2016-07-28T16:51:39Z",51.816246,5.840489,"71.715.956","16.000.000","253.042.648",1.473522,10,"gps","51.816246:5.840489"
"395","2016-07-28T16:51:54Z",51.816174,5.840234,"60.159.572","24.000.000","220.268.173",1.354661,10,"gps","51.816174:5.840234"
"396","2016-07-28T16:52:05Z",51.816069,5.840079,"53.756.186","24.000.000","219.215.317",1.473299,9,"gps","51.816069:5.840079"
"397","2016-07-28T16:52:21Z",51.815967,5.839895,"54.943.909","12.000.000","223.864.456",1.366716,9,"gps","51.815967:5.839895"
"398","2016-07-28T16:52:31Z",51.815859,5.839746,"54.900.789","16.000.000","221.506.226",1.459026,8,"gps","51.815859:5.839746"
"399","2016-07-28T16:52:47Z",51.815672,5.839505,"54.368.489","16.000.000","219.413.376",1.576498,10,"gps","51.815672:5.839505"
"400","2016-07-28T16:53:04Z",51.815519,5.839206,"55.188.853","16.000.000","231.192.734",1.610702,10,"gps","51.815519:5.839206"
"401","2016-07-28T16:53:25Z",51.815152,5.838972,"72.763.365","16.000.000","220.464.493",1.586682,9,"gps","51.815152:5.838972"
"402","2016-07-28T16:53:36Z",51.815151,5.838817,"79.303.949","24.000.000","219.299.820",1.407261,9,"gps","51.815151:5.838817"
"403","2016-07-28T16:53:47Z",51.81509,5.838616,"71.239.165","24.000.000","235.876.724",1.397223,10,"gps","51.81509:5.838616"
"404","2016-07-28T16:53:58Z",51.814999,5.838368,"67.844.305","24.000.000","232.182.480",1.461107,9,"gps","51.814999:5.838368"
